Country Name,Country Code,Year,"School enrollment rate, secondary, female"
Afghanistan,AFG,2016,37.30252838
Albania,ALB,2016,94.23857117
Algeria,DZA,2016,
American Samoa,ASM,2016,
Andorra,AND,2016,
Angola,AGO,2016,39.74182892
Antigua and Barbuda,ATG,2016,
Argentina,ARG,2016,110.9198685
Armenia,ARM,2016,
Aruba,ABW,2016,
Australia,AUS,2016,141.896347
Austria,AUT,2016,98.9174118
Azerbaijan,AZE,2016,
"Bahamas, The",BHS,2016,
Bahrain,BHR,2016,104.2858734
Bangladesh,BGD,2016,75.01081085
Barbados,BRB,2016,109.1104736
Belarus,BLR,2016,103.9009781
Belgium,BEL,2016,170.3596344
Belize,BLZ,2016,87.70973969
Benin,BEN,2016,50.7318306
Bermuda,BMU,2016,
Bhutan,BTN,2016,89.73416901
Bolivia,BOL,2016,90.51051331
Bosnia and Herzegovina,BIH,2016,
Botswana,BWA,2016,
Brazil,BRA,2016,104.7661209
British Virgin Islands,VGB,2016,97.32718658
Brunei Darussalam,BRN,2016,95.34734344
Bulgaria,BGR,2016,98.07808685
Burkina Faso,BFA,2016,34.8719101
Burundi,BDI,2016,47.35601044
Cabo Verde,CPV,2016,98.37906647
Cambodia,KHM,2016,
Cameroon,CMR,2016,55.4430809
Canada,CAN,2016,113.3864594
Cayman Islands,CYM,2016,
Central African Republic,CAF,2016,11.8409996
Chad,TCD,2016,14.15964031
Channel Islands,CHI,2016,
Chile,CHL,2016,102.0936813
China,CHN,2016,
Colombia,COL,2016,98.10569763
Comoros,COM,2016,
"Congo, Dem. Rep.",COD,2016,
"Congo, Rep.",COG,2016,
Costa Rica,CRI,2016,129.2112732
Cote d'Ivoire,CIV,2016,37.67156982
Croatia,HRV,2016,101.1189117
Cuba,CUB,2016,101.5518036
Curacao,CUW,2016,
Cyprus,CYP,2016,98.42323303
Czechia,CZE,2016,105.0866318
Denmark,DNK,2016,131.0499268
Djibouti,DJI,2016,47.21871185
Dominica,DMA,2016,
Dominican Republic,DOM,2016,83.49118042
Ecuador,ECU,2016,105.4858627
"Egypt, Arab Rep.",EGY,2016,84.42682648
El Salvador,SLV,2016,
Equatorial Guinea,GNQ,2016,
Eritrea,ERI,2016,
Estonia,EST,2016,115.4512787
Eswatini,SWZ,2016,82.18875885
Ethiopia,ETH,2016,
Faroe Islands,FRO,2016,
Fiji,FJI,2016,100.9184189
Finland,FIN,2016,159.7479248
France,FRA,2016,103.7419586
French Polynesia,PYF,2016,
Gabon,GAB,2016,
"Gambia, The",GMB,2016,
Georgia,GEO,2016,101.8503571
Germany,DEU,2016,96.15122986
Ghana,GHA,2016,67.74836731
Gibraltar,GIB,2016,109.2274704
Greece,GRC,2016,99.50512695
Greenland,GRL,2016,
Grenada,GRD,2016,116.5050964
Guam,GUM,2016,
Guatemala,GTM,2016,51.94742966
Guinea,GIN,2016,28.6861763
Guinea-Bissau,GNB,2016,
Guyana,GUY,2016,
Haiti,HTI,2016,
Honduras,HND,2016,
"Hong Kong SAR, China",HKG,2016,102.4394302
Hungary,HUN,2016,102.26931
Iceland,ISL,2016,117.7392197
India,IND,2016,76.03894806
Indonesia,IDN,2016,86.27207947
"Iran, Islamic Rep.",IRN,2016,84.78650665
Iraq,IRQ,2016,
Ireland,IRL,2016,118.6133804
Isle of Man,IMN,2016,
Israel,ISR,2016,106.1546783
Italy,ITA,2016,101.898941
Jamaica,JAM,2016,
Japan,JPN,2016,102.7089615
Jordan,JOR,2016,
Kazakhstan,KAZ,2016,114.7610397
Kenya,KEN,2016,
Kiribati,KIR,2016,
"Korea, Dem. People's Rep.",PRK,2016,
"Korea, Rep.",KOR,2016,100.0658493
Kosovo,XKX,2016,
Kuwait,KWT,2016,
Kyrgyz Republic,KGZ,2016,93.76554871
Lao PDR,LAO,2016,63.55444336
Latvia,LVA,2016,110.4340668
Lebanon,LBN,2016,
Lesotho,LSO,2016,67.23126984
Liberia,LBR,2016,
Libya,LBY,2016,
Liechtenstein,LIE,2016,101.9067764
Lithuania,LTU,2016,104.9873123
Luxembourg,LUX,2016,105.2976913
"Macao SAR, China",MAC,2016,98.34078217
Madagascar,MDG,2016,38.20751953
Malawi,MWI,2016,36.86175156
Malaysia,MYS,2016,87.61486816
Maldives,MDV,2016,
Mali,MLI,2016,36.61061096
Malta,MLT,2016,97.75572968
Marshall Islands,MHL,2016,66.61849976
Mauritania,MRT,2016,32.19992065
Mauritius,MUS,2016,99.81185913
Mexico,MEX,2016,106.1494064
"Micronesia, Fed. Sts.",FSM,2016,
Moldova,MDA,2016,106.3183136
Monaco,MCO,2016,
Mongolia,MNG,2016,
Montenegro,MNE,2016,91.34723663
Morocco,MAR,2016,
Mozambique,MOZ,2016,25.93545341
Myanmar,MMR,2016,62.9920311
Namibia,NAM,2016,
Nauru,NRU,2016,83.61203766
Nepal,NPL,2016,72.78964996
Netherlands,NLD,2016,114.678009
New Caledonia,NCL,2016,
New Zealand,NZL,2016,117.8463669
Nicaragua,NIC,2016,
Niger,NER,2016,19.81686974
Nigeria,NGA,2016,39.82973862
North Macedonia,MKD,2016,
Northern Mariana Islands,MNP,2016,
Norway,NOR,2016,114.6563416
Oman,OMN,2016,104.0901566
Pakistan,PAK,2016,36.55670166
Palau,PLW,2016,
Panama,PAN,2016,83.08306885
Papua New Guinea,PNG,2016,
Paraguay,PRY,2016,
Peru,PER,2016,100.6323395
Philippines,PHL,2016,92.52420807
Poland,POL,2016,106.7346268
Portugal,PRT,2016,116.4075699
Puerto Rico,PRI,2016,
Qatar,QAT,2016,
Romania,ROU,2016,91.03237915
Russian Federation,RUS,2016,101.4869614
Rwanda,RWA,2016,39.01432037
Samoa,WSM,2016,98.0178833
San Marino,SMR,2016,
Sao Tome and Principe,STP,2016,88.66873932
Saudi Arabia,SAU,2016,107.6307831
Senegal,SEN,2016,
Serbia,SRB,2016,96.8826828
Seychelles,SYC,2016,86.56108856
Sierra Leone,SLE,2016,39.80923843
Singapore,SGP,2016,107.4799423
Sint Maarten (Dutch part),SXM,2016,
Slovak Republic,SVK,2016,91.753479
Slovenia,SVN,2016,117.5061417
Solomon Islands,SLB,2016,
Somalia,SOM,2016,
South Africa,ZAF,2016,112.0914612
South Sudan,SSD,2016,
Spain,ESP,2016,126.4148483
Sri Lanka,LKA,2016,99.28137207
St. Kitts and Nevis,KNA,2016,108.6582336
St. Lucia,LCA,2016,88.9447937
St. Martin (French part),MAF,2016,
St. Vincent and the Grenadines,VCT,2016,108.0557404
Sudan,SDN,2016,43.68238831
Suriname,SUR,2016,
Sweden,SWE,2016,153.2832184
Switzerland,CHE,2016,100.5540924
Syrian Arab Republic,SYR,2016,
Tajikistan,TJK,2016,
Tanzania,TZA,2016,26.80279922
Thailand,THA,2016,118.3756866
Timor-Leste,TLS,2016,79.29903412
Togo,TGO,2016,
Tonga,TON,2016,
Trinidad and Tobago,TTO,2016,
Tunisia,TUN,2016,99.31896973
Turkiye,TUR,2016,101.472229
Turkmenistan,TKM,2016,
Turks and Caicos Islands,TCA,2016,
Tuvalu,TUV,2016,76.78340149
Uganda,UGA,2016,25.08453178
Ukraine,UKR,2016,
United Arab Emirates,ARE,2016,93.32652283
United Kingdom,GBR,2016,
United States,USA,2016,98.47470856
Uruguay,URY,2016,
Uzbekistan,UZB,2016,92.00714874
Vanuatu,VUT,2016,
"Venezuela, RB",VEN,2016,91.35870361
Vietnam,VNM,2016,
Virgin Islands (U.S.),VIR,2016,
West Bank and Gaza,PSE,2016,91.25325775
"Yemen, Rep.",YEM,2016,43.25849152
Zambia,ZMB,2016,
Zimbabwe,ZWE,2016,
Africa Eastern and Southern,AFE,2016,40.19926834
Africa Western and Central,AFW,2016,40.41579056
Arab World,ARB,2016,68.73223114
Caribbean small states,CSS,2016,89.67606354
Central Europe and the Baltics,CEB,2016,100.9479904
Early-demographic dividend,EAR,2016,75.01320648
East Asia & Pacific,EAS,2016,84.55180359
East Asia & Pacific (excluding high income),EAP,2016,82.72405243
East Asia & Pacific (IDA & IBRD countries),TEA,2016,82.58001709
Euro area,EMU,2016,107.0752487
Europe & Central Asia,ECS,2016,104.229393
Europe & Central Asia (excluding high income),ECA,2016,98.19159698
Europe & Central Asia (IDA & IBRD countries),TEC,2016,98.40791321
European Union,EUU,2016,109.6681366
Fragile and conflict affected situations,FCS,2016,42.05369186
Heavily indebted poor countries (HIPC),HPC,2016,37.03139877
High income,HIC,2016,105.6974487
IBRD only,IBD,2016,84.1885376
IDA & IBRD total,IBT,2016,71.58132935
IDA blend,IDB,2016,44.25043869
IDA only,IDX,2016,45.31502914
IDA total,IDA,2016,44.95503998
Late-demographic dividend,LTE,2016,88.95381927
Latin America & Caribbean,LCN,2016,98.22647858
Latin America & Caribbean (excluding high income),LAC,2016,98.50479126
Latin America & the Caribbean (IDA & IBRD countries),TLA,2016,98.25050354
Least developed countries: UN classification,LDC,2016,43.80184937
Low & middle income,LMY,2016,71.35217285
Low income,LIC,2016,35.00131989
Lower middle income,LMC,2016,68.89003754
Middle East & North Africa,MEA,2016,78.00701904
Middle East & North Africa (excluding high income),MNA,2016,74.67651367
Middle East & North Africa (IDA & IBRD countries),TMN,2016,74.31677246
Middle income,MIC,2016,76.64608765
North America,NAC,2016,99.73986053
Not classified,INX,2016,
OECD members,OED,2016,105.4673004
Other small states,OSS,2016,72.71016693
Pacific island small states,PSS,2016,75.82362366
Post-demographic dividend,PST,2016,105.4999924
Pre-demographic dividend,PRE,2016,36.98659897
Small states,SST,2016,75.75463867
South Asia,SAS,2016,70.20706177
South Asia (IDA & IBRD),TSA,2016,70.20706177
Sub-Saharan Africa,SSF,2016,40.29024887
Sub-Saharan Africa (excluding high income),SSA,2016,40.28726959
Sub-Saharan Africa (IDA & IBRD countries),TSS,2016,40.29024887
Upper middle income,UMC,2016,91.62618256
World,WLD,2016,75.30928802
Afghanistan,AFG,2015,36.75185013
Albania,ALB,2015,95.12265778
Algeria,DZA,2015,
American Samoa,ASM,2015,
Andorra,AND,2015,
Angola,AGO,2015,
Antigua and Barbuda,ATG,2015,109.3478317
Argentina,ARG,2015,110.1584091
Armenia,ARM,2015,88.33323669
Aruba,ABW,2015,
Australia,AUS,2015,145.8880463
Austria,AUT,2015,98.45523834
Azerbaijan,AZE,2015,
"Bahamas, The",BHS,2015,
Bahrain,BHR,2015,101.8001175
Bangladesh,BGD,2015,69.65406036
Barbados,BRB,2015,109.4629364
Belarus,BLR,2015,104.6375809
Belgium,BEL,2015,174.6784363
Belize,BLZ,2015,81.74861145
Benin,BEN,2015,48.92763138
Bermuda,BMU,2015,81.45130157
Bhutan,BTN,2015,86.8408432
Bolivia,BOL,2015,90.67494202
Bosnia and Herzegovina,BIH,2015,
Botswana,BWA,2015,
Brazil,BRA,2015,103.753479
British Virgin Islands,VGB,2015,96.92736816
Brunei Darussalam,BRN,2015,107.6965714
Bulgaria,BGR,2015,100.5634995
Burkina Faso,BFA,2015,32.32059097
Burundi,BDI,2015,42.89833832
Cabo Verde,CPV,2015,99.95758057
Cambodia,KHM,2015,
Cameroon,CMR,2015,54.39524078
Canada,CAN,2015,110.8576202
Cayman Islands,CYM,2015,
Central African Republic,CAF,2015,
Chad,TCD,2015,13.86375046
Channel Islands,CHI,2015,
Chile,CHL,2015,102.1184616
China,CHN,2015,
Colombia,COL,2015,98.12564087
Comoros,COM,2015,
"Congo, Dem. Rep.",COD,2015,35.98096085
"Congo, Rep.",COG,2015,
Costa Rica,CRI,2015,125.2657776
Cote d'Ivoire,CIV,2015,35.06679153
Croatia,HRV,2015,100.9624023
Cuba,CUB,2015,99.12335968
Curacao,CUW,2015,
Cyprus,CYP,2015,99.40921021
Czechia,CZE,2015,105.5993881
Denmark,DNK,2015,133.3656769
Djibouti,DJI,2015,45.32213974
Dominica,DMA,2015,93.79074097
Dominican Republic,DOM,2015,83.84120941
Ecuador,ECU,2015,106.1787033
"Egypt, Arab Rep.",EGY,2015,
El Salvador,SLV,2015,
Equatorial Guinea,GNQ,2015,
Eritrea,ERI,2015,47.51116943
Estonia,EST,2015,110.7835693
Eswatini,SWZ,2015,76.03137207
Ethiopia,ETH,2015,34.24991989
Faroe Islands,FRO,2015,
Fiji,FJI,2015,100.613533
Finland,FIN,2015,157.4517212
France,FRA,2015,103.9410934
French Polynesia,PYF,2015,
Gabon,GAB,2015,
"Gambia, The",GMB,2015,
Georgia,GEO,2015,100.7975235
Germany,DEU,2015,96.38323212
Ghana,GHA,2015,66.10124207
Gibraltar,GIB,2015,
Greece,GRC,2015,98.41416931
Greenland,GRL,2015,
Grenada,GRD,2015,110.7073212
Guam,GUM,2015,
Guatemala,GTM,2015,52.55503082
Guinea,GIN,2015,28.22767639
Guinea-Bissau,GNB,2015,
Guyana,GUY,2015,
Haiti,HTI,2015,
Honduras,HND,2015,
"Hong Kong SAR, China",HKG,2015,101.367012
Hungary,HUN,2015,103.3443832
Iceland,ISL,2015,119.5652237
India,IND,2015,74.6852951
Indonesia,IDN,2015,86.28914642
"Iran, Islamic Rep.",IRN,2015,82.97184753
Iraq,IRQ,2015,
Ireland,IRL,2015,118.6520386
Isle of Man,IMN,2015,
Israel,ISR,2015,104.1911087
Italy,ITA,2015,102.1038513
Jamaica,JAM,2015,
Japan,JPN,2015,102.4732666
Jordan,JOR,2015,
Kazakhstan,KAZ,2015,112.235878
Kenya,KEN,2015,
Kiribati,KIR,2015,
"Korea, Dem. People's Rep.",PRK,2015,92.86598206
"Korea, Rep.",KOR,2015,99.65579987
Kosovo,XKX,2015,
Kuwait,KWT,2015,100.9556122
Kyrgyz Republic,KGZ,2015,91.70159912
Lao PDR,LAO,2015,60.68507004
Latvia,LVA,2015,111.1741486
Lebanon,LBN,2015,
Lesotho,LSO,2015,69.65692139
Liberia,LBR,2015,32.90856934
Libya,LBY,2015,
Liechtenstein,LIE,2015,101.7217636
Lithuania,LTU,2015,105.3827133
Luxembourg,LUX,2015,104.2372513
"Macao SAR, China",MAC,2015,93.80760956
Madagascar,MDG,2015,38.2990303
Malawi,MWI,2015,38.90274048
Malaysia,MYS,2015,88.68295288
Maldives,MDV,2015,
Mali,MLI,2015,36.84054947
Malta,MLT,2015,97.84510803
Marshall Islands,MHL,2015,68.80641937
Mauritania,MRT,2015,30.26522064
Mauritius,MUS,2015,99.48448944
Mexico,MEX,2015,104.0937805
"Micronesia, Fed. Sts.",FSM,2015,
Moldova,MDA,2015,105.8153763
Monaco,MCO,2015,
Mongolia,MNG,2015,
Montenegro,MNE,2015,93.50499725
Morocco,MAR,2015,
Mozambique,MOZ,2015,31.94549942
Myanmar,MMR,2015,
Namibia,NAM,2015,
Nauru,NRU,2015,
Nepal,NPL,2015,69.43692017
Netherlands,NLD,2015,115.0717087
New Caledonia,NCL,2015,
New Zealand,NZL,2015,118.1391678
Nicaragua,NIC,2015,
Niger,NER,2015,16.98628044
Nigeria,NGA,2015,44.67198181
North Macedonia,MKD,2015,81.16414642
Northern Mariana Islands,MNP,2015,
Norway,NOR,2015,113.1611023
Oman,OMN,2015,102.4052277
Pakistan,PAK,2015,34.89731979
Palau,PLW,2015,
Panama,PAN,2015,77.87238312
Papua New Guinea,PNG,2015,
Paraguay,PRY,2015,
Peru,PER,2015,97.38665771
Philippines,PHL,2015,91.49514008
Poland,POL,2015,105.6767502
Portugal,PRT,2015,116.9088974
Puerto Rico,PRI,2015,
Qatar,QAT,2015,
Romania,ROU,2015,92.94539642
Russian Federation,RUS,2015,100.9527969
Rwanda,RWA,2015,39.39244843
Samoa,WSM,2015,99.12769318
San Marino,SMR,2015,
Sao Tome and Principe,STP,2015,86.90315247
Saudi Arabia,SAU,2015,114.9962769
Senegal,SEN,2015,51.12448502
Serbia,SRB,2015,97.38095093
Seychelles,SYC,2015,84.36232758
Sierra Leone,SLE,2015,36.5293808
Singapore,SGP,2015,
Sint Maarten (Dutch part),SXM,2015,
Slovak Republic,SVK,2015,91.46679688
Slovenia,SVN,2015,111.0017929
Solomon Islands,SLB,2015,
Somalia,SOM,2015,
South Africa,ZAF,2015,108.7516632
South Sudan,SSD,2015,7.66850996
Spain,ESP,2015,124.5626221
Sri Lanka,LKA,2015,
St. Kitts and Nevis,KNA,2015,107.454628
St. Lucia,LCA,2015,88.12014008
St. Martin (French part),MAF,2015,
St. Vincent and the Grenadines,VCT,2015,107.7402725
Sudan,SDN,2015,45.27236938
Suriname,SUR,2015,88.63937378
Sweden,SWE,2015,149.9777985
Switzerland,CHE,2015,99.63999176
Syrian Arab Republic,SYR,2015,
Tajikistan,TJK,2015,
Tanzania,TZA,2015,27.01022911
Thailand,THA,2015,118.2244492
Timor-Leste,TLS,2015,74.37167358
Togo,TGO,2015,
Tonga,TON,2015,102.3983002
Trinidad and Tobago,TTO,2015,
Tunisia,TUN,2015,
Turkiye,TUR,2015,101.456543
Turkmenistan,TKM,2015,
Turks and Caicos Islands,TCA,2015,76.21144867
Tuvalu,TUV,2015,90.90908813
Uganda,UGA,2015,
Ukraine,UKR,2015,
United Arab Emirates,ARE,2015,
United Kingdom,GBR,2015,126.3682938
United States,USA,2015,98.17357635
Uruguay,URY,2015,
Uzbekistan,UZB,2015,91.28845215
Vanuatu,VUT,2015,54.94924927
"Venezuela, RB",VEN,2015,94.48699188
Vietnam,VNM,2015,
Virgin Islands (U.S.),VIR,2015,
West Bank and Gaza,PSE,2015,89.92111206
"Yemen, Rep.",YEM,2015,
Zambia,ZMB,2015,
Zimbabwe,ZWE,2015,
Africa Eastern and Southern,AFE,2015,40.05583954
Africa Western and Central,AFW,2015,41.67481995
Arab World,ARB,2015,68.76245117
Caribbean small states,CSS,2015,87.80869293
Central Europe and the Baltics,CEB,2015,101.2619629
Early-demographic dividend,EAR,2015,73.70295715
East Asia & Pacific,EAS,2015,84.96437073
East Asia & Pacific (excluding high income),EAP,2015,83.13684845
East Asia & Pacific (IDA & IBRD countries),TEA,2015,82.99832153
Euro area,EMU,2015,107.0735016
Europe & Central Asia,ECS,2015,103.8780212
Europe & Central Asia (excluding high income),ECA,2015,97.50099945
Europe & Central Asia (IDA & IBRD countries),TEC,2015,97.82749176
European Union,EUU,2015,109.6429214
Fragile and conflict affected situations,FCS,2015,42.7388916
Heavily indebted poor countries (HIPC),HPC,2015,36.69895172
High income,HIC,2015,105.7662735
IBRD only,IBD,2015,83.66916656
IDA & IBRD total,IBT,2015,71.22483826
IDA blend,IDB,2015,45.11685181
IDA only,IDX,2015,44.07030106
IDA total,IDA,2015,44.42424011
Late-demographic dividend,LTE,2015,89.33921814
Latin America & Caribbean,LCN,2015,97.47254181
Latin America & Caribbean (excluding high income),LAC,2015,97.54103088
Latin America & the Caribbean (IDA & IBRD countries),TLA,2015,97.46311951
Least developed countries: UN classification,LDC,2015,42.44841003
Low & middle income,LMY,2015,70.9720993
Low income,LIC,2015,34.82606125
Lower middle income,LMC,2015,67.88200378
Middle East & North Africa,MEA,2015,77.44714355
Middle East & North Africa (excluding high income),MNA,2015,73.55651855
Middle East & North Africa (IDA & IBRD countries),TMN,2015,73.2025528
Middle income,MIC,2015,76.10923004
North America,NAC,2015,99.27059937
Not classified,INX,2015,
OECD members,OED,2015,105.0411911
Other small states,OSS,2015,71.72885895
Pacific island small states,PSS,2015,76.05728912
Post-demographic dividend,PST,2015,105.1649704
Pre-demographic dividend,PRE,2015,37.51580048
Small states,SST,2015,74.77458954
South Asia,SAS,2015,68.47236633
South Asia (IDA & IBRD),TSA,2015,68.47236633
Sub-Saharan Africa,SSF,2015,40.73448181
Sub-Saharan Africa (excluding high income),SSA,2015,40.73157883
Sub-Saharan Africa (IDA & IBRD countries),TSS,2015,40.73448181
Upper middle income,UMC,2015,91.78227234
World,WLD,2015,75.03437042
Afghanistan,AFG,2014,37.33298874
Albania,ALB,2014,94.78688812
Algeria,DZA,2014,
American Samoa,ASM,2014,
Andorra,AND,2014,
Angola,AGO,2014,
Antigua and Barbuda,ATG,2014,107.299469
Argentina,ARG,2014,109.5981064
Armenia,ARM,2014,88.42137909
Aruba,ABW,2014,
Australia,AUS,2014,
Austria,AUT,2014,97.71083069
Azerbaijan,AZE,2014,
"Bahamas, The",BHS,2014,
Bahrain,BHR,2014,99.22583771
Bangladesh,BGD,2014,
Barbados,BRB,2014,109.6701431
Belarus,BLR,2014,104.4716187
Belgium,BEL,2014,172.7119751
Belize,BLZ,2014,81.66027069
Benin,BEN,2014,45.80659103
Bermuda,BMU,2014,82.01603699
Bhutan,BTN,2014,85.85752869
Bolivia,BOL,2014,89.99389648
Bosnia and Herzegovina,BIH,2014,
Botswana,BWA,2014,
Brazil,BRA,2014,106.1211929
British Virgin Islands,VGB,2014,97.54252625
Brunei Darussalam,BRN,2014,100.4770813
Bulgaria,BGR,2014,102.2827072
Burkina Faso,BFA,2014,28.2670002
Burundi,BDI,2014,36.77585983
Cabo Verde,CPV,2014,101.3207397
Cambodia,KHM,2014,
Cameroon,CMR,2014,52.8348999
Canada,CAN,2014,109.6512222
Cayman Islands,CYM,2014,
Central African Republic,CAF,2014,
Chad,TCD,2014,14.2842598
Channel Islands,CHI,2014,
Chile,CHL,2014,101.1184769
China,CHN,2014,
Colombia,COL,2014,98.73783112
Comoros,COM,2014,63.14374161
"Congo, Dem. Rep.",COD,2014,34.85866928
"Congo, Rep.",COG,2014,
Costa Rica,CRI,2014,123.4110107
Cote d'Ivoire,CIV,2014,31.84248924
Croatia,HRV,2014,100.4630966
Cuba,CUB,2014,97.66513824
Curacao,CUW,2014,
Cyprus,CYP,2014,99.45568848
Czechia,CZE,2014,104.9459686
Denmark,DNK,2014,132.1224976
Djibouti,DJI,2014,44.99407959
Dominica,DMA,2014,90.04216766
Dominican Republic,DOM,2014,84.19111633
Ecuador,ECU,2014,107.1697922
"Egypt, Arab Rep.",EGY,2014,80.61361694
El Salvador,SLV,2014,77.13790894
Equatorial Guinea,GNQ,2014,
Eritrea,ERI,2014,52.86334991
Estonia,EST,2014,108.0728302
Eswatini,SWZ,2014,73.53955078
Ethiopia,ETH,2014,33.20289993
Faroe Islands,FRO,2014,
Fiji,FJI,2014,100.3714447
Finland,FIN,2014,153.4972534
France,FRA,2014,104.2235565
French Polynesia,PYF,2014,
Gabon,GAB,2014,
"Gambia, The",GMB,2014,
Georgia,GEO,2014,99.14214325
Germany,DEU,2014,97.25179291
Ghana,GHA,2014,62.0326004
Gibraltar,GIB,2014,
Greece,GRC,2014,99.22460938
Greenland,GRL,2014,
Grenada,GRD,2014,110.9838715
Guam,GUM,2014,
Guatemala,GTM,2014,51.18099976
Guinea,GIN,2014,31.04083061
Guinea-Bissau,GNB,2014,
Guyana,GUY,2014,
Haiti,HTI,2014,
Honduras,HND,2014,
"Hong Kong SAR, China",HKG,2014,100.5042725
Hungary,HUN,2014,104.5050201
Iceland,ISL,2014,120.7052689
India,IND,2014,75.03926086
Indonesia,IDN,2014,82.37181854
"Iran, Islamic Rep.",IRN,2014,82.20404816
Iraq,IRQ,2014,
Ireland,IRL,2014,118.2979279
Isle of Man,IMN,2014,
Israel,ISR,2014,103.8315506
Italy,ITA,2014,101.9810486
Jamaica,JAM,2014,
Japan,JPN,2014,101.7803726
Jordan,JOR,2014,70.33334351
Kazakhstan,KAZ,2014,107.9512177
Kenya,KEN,2014,
Kiribati,KIR,2014,
"Korea, Dem. People's Rep.",PRK,2014,
"Korea, Rep.",KOR,2014,99.61257172
Kosovo,XKX,2014,
Kuwait,KWT,2014,96.34255219
Kyrgyz Republic,KGZ,2014,91.18422699
Lao PDR,LAO,2014,55.94343185
Latvia,LVA,2014,112.1997299
Lebanon,LBN,2014,
Lesotho,LSO,2014,69.36351776
Liberia,LBR,2014,33.57566071
Libya,LBY,2014,
Liechtenstein,LIE,2014,103.2742233
Lithuania,LTU,2014,105.8467712
Luxembourg,LUX,2014,103.8667603
"Macao SAR, China",MAC,2014,91.96140289
Madagascar,MDG,2014,37.98080826
Malawi,MWI,2014,38.08440018
Malaysia,MYS,2014,88.82466125
Maldives,MDV,2014,
Mali,MLI,2014,37.40829849
Malta,MLT,2014,96.186203
Marshall Islands,MHL,2014,
Mauritania,MRT,2014,29.33671951
Mauritius,MUS,2014,100.8283005
Mexico,MEX,2014,100.0534668
"Micronesia, Fed. Sts.",FSM,2014,
Moldova,MDA,2014,105.1270905
Monaco,MCO,2014,
Mongolia,MNG,2014,
Montenegro,MNE,2014,
Morocco,MAR,2014,
Mozambique,MOZ,2014,31.54114914
Myanmar,MMR,2014,52.31130981
Namibia,NAM,2014,
Nauru,NRU,2014,83.1683197
Nepal,NPL,2014,68.10591125
Netherlands,NLD,2014,
New Caledonia,NCL,2014,
New Zealand,NZL,2014,119.0923615
Nicaragua,NIC,2014,
Niger,NER,2014,15.33736992
Nigeria,NGA,2014,43.00582123
North Macedonia,MKD,2014,79.30465698
Northern Mariana Islands,MNP,2014,
Norway,NOR,2014,110.8155594
Oman,OMN,2014,
Pakistan,PAK,2014,32.83697128
Palau,PLW,2014,122.9102173
Panama,PAN,2014,77.83522797
Papua New Guinea,PNG,2014,
Paraguay,PRY,2014,
Peru,PER,2014,96.30008698
Philippines,PHL,2014,90.86917877
Poland,POL,2014,104.7816315
Portugal,PRT,2014,114.6669083
Puerto Rico,PRI,2014,
Qatar,QAT,2014,
Romania,ROU,2014,94.20742798
Russian Federation,RUS,2014,97.66145325
Rwanda,RWA,2014,41.91048813
Samoa,WSM,2014,99.62811279
San Marino,SMR,2014,
Sao Tome and Principe,STP,2014,78.67698669
Saudi Arabia,SAU,2014,
Senegal,SEN,2014,50.14841843
Serbia,SRB,2014,95.40973663
Seychelles,SYC,2014,81.22904968
Sierra Leone,SLE,2014,
Singapore,SGP,2014,
Sint Maarten (Dutch part),SXM,2014,88.51174927
Slovak Republic,SVK,2014,91.20674896
Slovenia,SVN,2014,110.8730621
Solomon Islands,SLB,2014,
Somalia,SOM,2014,
South Africa,ZAF,2014,112.8248901
South Sudan,SSD,2014,
Spain,ESP,2014,123.4334793
Sri Lanka,LKA,2014,
St. Kitts and Nevis,KNA,2014,105.0408096
St. Lucia,LCA,2014,87.2579422
St. Martin (French part),MAF,2014,
St. Vincent and the Grenadines,VCT,2014,106.4932327
Sudan,SDN,2014,42.68819046
Suriname,SUR,2014,85.43578339
Sweden,SWE,2014,141.6414337
Switzerland,CHE,2014,
Syrian Arab Republic,SYR,2014,
Tajikistan,TJK,2014,
Tanzania,TZA,2014,30.15769005
Thailand,THA,2014,123.6061172
Timor-Leste,TLS,2014,70.40880585
Togo,TGO,2014,
Tonga,TON,2014,99.90614319
Trinidad and Tobago,TTO,2014,
Tunisia,TUN,2014,
Turkiye,TUR,2014,101.4412537
Turkmenistan,TKM,2014,
Turks and Caicos Islands,TCA,2014,69.80122375
Tuvalu,TUV,2014,85.25469208
Uganda,UGA,2014,25.56633377
Ukraine,UKR,2014,95.03153229
United Arab Emirates,ARE,2014,
United Kingdom,GBR,2014,128.8087463
United States,USA,2014,97.51304626
Uruguay,URY,2014,
Uzbekistan,UZB,2014,91.47483063
Vanuatu,VUT,2014,
"Venezuela, RB",VEN,2014,96.28309631
Vietnam,VNM,2014,
Virgin Islands (U.S.),VIR,2014,
West Bank and Gaza,PSE,2014,88.40500641
"Yemen, Rep.",YEM,2014,
Zambia,ZMB,2014,
Zimbabwe,ZWE,2014,
Africa Eastern and Southern,AFE,2014,40.24686813
Africa Western and Central,AFW,2014,39.99734879
Arab World,ARB,2014,67.7779007
Caribbean small states,CSS,2014,89.00328064
Central Europe and the Baltics,CEB,2014,101.4274673
Early-demographic dividend,EAR,2014,72.93525696
East Asia & Pacific,EAS,2014,84.85147858
East Asia & Pacific (excluding high income),EAP,2014,83.02390289
East Asia & Pacific (IDA & IBRD countries),TEA,2014,82.88388062
Euro area,EMU,2014,106.9580917
Europe & Central Asia,ECS,2014,103.7902832
Europe & Central Asia (excluding high income),ECA,2014,97.20755005
Europe & Central Asia (IDA & IBRD countries),TEC,2014,97.57714081
European Union,EUU,2014,109.7929382
Fragile and conflict affected situations,FCS,2014,42.13951111
Heavily indebted poor countries (HIPC),HPC,2014,36.16365051
High income,HIC,2014,105.3497696
IBRD only,IBD,2014,83.8456192
IDA & IBRD total,IBT,2014,71.1529007
IDA blend,IDB,2014,43.69881058
IDA only,IDX,2014,43.00022125
IDA total,IDA,2014,43.23685074
Late-demographic dividend,LTE,2014,90.09890747
Latin America & Caribbean,LCN,2014,97.48262787
Latin America & Caribbean (excluding high income),LAC,2014,97.52121735
Latin America & the Caribbean (IDA & IBRD countries),TLA,2014,97.51370239
Least developed countries: UN classification,LDC,2014,41.36212921
Low & middle income,LMY,2014,70.88388824
Low income,LIC,2014,34.43986893
Lower middle income,LMC,2014,67.16266632
Middle East & North Africa,MEA,2014,76.45069122
Middle East & North Africa (excluding high income),MNA,2014,72.78942108
Middle East & North Africa (IDA & IBRD countries),TMN,2014,72.45304871
Middle income,MIC,2014,75.92965698
North America,NAC,2014,98.58180237
Not classified,INX,2014,
OECD members,OED,2014,104.3660126
Other small states,OSS,2014,70.77718353
Pacific island small states,PSS,2014,76.29665375
Post-demographic dividend,PST,2014,105.29599
Pre-demographic dividend,PRE,2014,36.59371948
Small states,SST,2014,74.33344269
South Asia,SAS,2014,68.15128326
South Asia (IDA & IBRD),TSA,2014,68.15128326
Sub-Saharan Africa,SSF,2014,40.14249039
Sub-Saharan Africa (excluding high income),SSA,2014,40.13965988
Sub-Saharan Africa (IDA & IBRD countries),TSS,2014,40.14249039
Upper middle income,UMC,2014,92.36975861
World,WLD,2014,74.95752716
Afghanistan,AFG,2013,37.84849167
Albania,ALB,2013,94.1986618
Algeria,DZA,2013,
American Samoa,ASM,2013,
Andorra,AND,2013,
Angola,AGO,2013,
Antigua and Barbuda,ATG,2013,
Argentina,ARG,2013,108.9802322
Armenia,ARM,2013,87.6699295
Aruba,ABW,2013,
Australia,AUS,2013,
Austria,AUT,2013,97.41802979
Azerbaijan,AZE,2013,
"Bahamas, The",BHS,2013,78.86601257
Bahrain,BHR,2013,97.26215363
Bangladesh,BGD,2013,62.58473969
Barbados,BRB,2013,
Belarus,BLR,2013,104.0597992
Belgium,BEL,2013,171.3905334
Belize,BLZ,2013,81.77178955
Benin,BEN,2013,44.80511856
Bermuda,BMU,2013,83.12078094
Bhutan,BTN,2013,78.60505676
Bolivia,BOL,2013,89.65641022
Bosnia and Herzegovina,BIH,2013,
Botswana,BWA,2013,
Brazil,BRA,2013,107.2829285
British Virgin Islands,VGB,2013,97.78205872
Brunei Darussalam,BRN,2013,106.9361191
Bulgaria,BGR,2013,99.0633316
Burkina Faso,BFA,2013,25.96982002
Burundi,BDI,2013,29.9406395
Cabo Verde,CPV,2013,103.5921021
Cambodia,KHM,2013,
Cameroon,CMR,2013,49.20771027
Canada,CAN,2013,109.6153183
Cayman Islands,CYM,2013,84.43890381
Central African Republic,CAF,2013,
Chad,TCD,2013,15.50008965
Channel Islands,CHI,2013,
Chile,CHL,2013,100.0797195
China,CHN,2013,
Colombia,COL,2013,100.0441666
Comoros,COM,2013,61.10860825
"Congo, Dem. Rep.",COD,2013,32.82384109
"Congo, Rep.",COG,2013,
Costa Rica,CRI,2013,117.7477036
Cote d'Ivoire,CIV,2013,27.99765205
Croatia,HRV,2013,101.0040436
Cuba,CUB,2013,90.97406769
Curacao,CUW,2013,90.79197693
Cyprus,CYP,2013,98.5265274
Czechia,CZE,2013,104.3754807
Denmark,DNK,2013,131.1150055
Djibouti,DJI,2013,42.82044983
Dominica,DMA,2013,
Dominican Republic,DOM,2013,83.54508209
Ecuador,ECU,2013,104.4407425
"Egypt, Arab Rep.",EGY,2013,79.45841217
El Salvador,SLV,2013,77.08078766
Equatorial Guinea,GNQ,2013,
Eritrea,ERI,2013,53.07564926
Estonia,EST,2013,107.6173706
Eswatini,SWZ,2013,70.06022644
Ethiopia,ETH,2013,32.49172211
Faroe Islands,FRO,2013,
Fiji,FJI,2013,
Finland,FIN,2013,151.0397949
France,FRA,2013,104.9960175
French Polynesia,PYF,2013,
Gabon,GAB,2013,
"Gambia, The",GMB,2013,
Georgia,GEO,2013,98.79125977
Germany,DEU,2013,98.30722046
Ghana,GHA,2013,64.60324097
Gibraltar,GIB,2013,
Greece,GRC,2013,103.8068085
Greenland,GRL,2013,
Grenada,GRD,2013,109.7522507
Guam,GUM,2013,
Guatemala,GTM,2013,51.46667099
Guinea,GIN,2013,29.96080208
Guinea-Bissau,GNB,2013,
Guyana,GUY,2013,
Haiti,HTI,2013,
Honduras,HND,2013,
"Hong Kong SAR, China",HKG,2013,100.7717133
Hungary,HUN,2013,105.008461
Iceland,ISL,2013,120.5984879
India,IND,2013,69.48176575
Indonesia,IDN,2013,81.34906006
"Iran, Islamic Rep.",IRN,2013,80.81198883
Iraq,IRQ,2013,
Ireland,IRL,2013,
Isle of Man,IMN,2013,
Israel,ISR,2013,103.7264786
Italy,ITA,2013,102.0312195
Jamaica,JAM,2013,
Japan,JPN,2013,101.9739609
Jordan,JOR,2013,71.85353088
Kazakhstan,KAZ,2013,103.8774414
Kenya,KEN,2013,
Kiribati,KIR,2013,
"Korea, Dem. People's Rep.",PRK,2013,
"Korea, Rep.",KOR,2013,99.09625244
Kosovo,XKX,2013,
Kuwait,KWT,2013,97.10504913
Kyrgyz Republic,KGZ,2013,89.40171051
Lao PDR,LAO,2013,49.76538849
Latvia,LVA,2013,112.9356766
Lebanon,LBN,2013,
Lesotho,LSO,2013,69.28108215
Liberia,LBR,2013,
Libya,LBY,2013,
Liechtenstein,LIE,2013,
Lithuania,LTU,2013,106.4457169
Luxembourg,LUX,2013,104.0472717
"Macao SAR, China",MAC,2013,91.22747803
Madagascar,MDG,2013,
Malawi,MWI,2013,36.19200897
Malaysia,MYS,2013,84.43002319
Maldives,MDV,2013,
Mali,MLI,2013,36.66656113
Malta,MLT,2013,95.41233063
Marshall Islands,MHL,2013,
Mauritania,MRT,2013,29.11617088
Mauritius,MUS,2013,97.4071579
Mexico,MEX,2013,95.947052
"Micronesia, Fed. Sts.",FSM,2013,
Moldova,MDA,2013,
Monaco,MCO,2013,
Mongolia,MNG,2013,
Montenegro,MNE,2013,
Morocco,MAR,2013,
Mozambique,MOZ,2013,32.10781097
Myanmar,MMR,2013,
Namibia,NAM,2013,
Nauru,NRU,2013,
Nepal,NPL,2013,66.35169983
Netherlands,NLD,2013,
New Caledonia,NCL,2013,
New Zealand,NZL,2013,119.1943207
Nicaragua,NIC,2013,
Niger,NER,2013,13.4053297
Nigeria,NGA,2013,53.51221085
North Macedonia,MKD,2013,79.76306915
Northern Mariana Islands,MNP,2013,
Norway,NOR,2013,111.3911591
Oman,OMN,2013,100.5490723
Pakistan,PAK,2013,30.26078987
Palau,PLW,2013,121.6617203
Panama,PAN,2013,77.69580078
Papua New Guinea,PNG,2013,
Paraguay,PRY,2013,
Peru,PER,2013,97.64595032
Philippines,PHL,2013,
Poland,POL,2013,105.353569
Portugal,PRT,2013,118.5271225
Puerto Rico,PRI,2013,89.77174377
Qatar,QAT,2013,
Romania,ROU,2013,96.03022766
Russian Federation,RUS,2013,96.84999847
Rwanda,RWA,2013,42.20421982
Samoa,WSM,2013,
San Marino,SMR,2013,
Sao Tome and Principe,STP,2013,67.86379242
Saudi Arabia,SAU,2013,
Senegal,SEN,2013,47.35411072
Serbia,SRB,2013,95.72801971
Seychelles,SYC,2013,82.31141663
Sierra Leone,SLE,2013,36.32094955
Singapore,SGP,2013,
Sint Maarten (Dutch part),SXM,2013,
Slovak Republic,SVK,2013,91.6049881
Slovenia,SVN,2013,111.3647995
Solomon Islands,SLB,2013,
Somalia,SOM,2013,
South Africa,ZAF,2013,111.349411
South Sudan,SSD,2013,
Spain,ESP,2013,123.3588562
Sri Lanka,LKA,2013,101.7588882
St. Kitts and Nevis,KNA,2013,122.1323166
St. Lucia,LCA,2013,87.76249695
St. Martin (French part),MAF,2013,
St. Vincent and the Grenadines,VCT,2013,103.9991684
Sudan,SDN,2013,42.32025146
Suriname,SUR,2013,85.29110718
Sweden,SWE,2013,136.870285
Switzerland,CHE,2013,97.63217163
Syrian Arab Republic,SYR,2013,52.3813591
Tajikistan,TJK,2013,83.80612946
Tanzania,TZA,2013,
Thailand,THA,2013,85.72045135
Timor-Leste,TLS,2013,67.12400818
Togo,TGO,2013,
Tonga,TON,2013,96.75124359
Trinidad and Tobago,TTO,2013,
Tunisia,TUN,2013,
Turkiye,TUR,2013,98.84265137
Turkmenistan,TKM,2013,
Turks and Caicos Islands,TCA,2013,
Tuvalu,TUV,2013,
Uganda,UGA,2013,25.53329849
Ukraine,UKR,2013,95.04109955
United Arab Emirates,ARE,2013,
United Kingdom,GBR,2013,126.4691086
United States,USA,2013,96.30905914
Uruguay,URY,2013,
Uzbekistan,UZB,2013,91.35452271
Vanuatu,VUT,2013,
"Venezuela, RB",VEN,2013,97.572052
Vietnam,VNM,2013,
Virgin Islands (U.S.),VIR,2013,
West Bank and Gaza,PSE,2013,87.90036011
"Yemen, Rep.",YEM,2013,39.98313141
Zambia,ZMB,2013,
Zimbabwe,ZWE,2013,51.34574127
Africa Eastern and Southern,AFE,2013,39.41873169
Africa Western and Central,AFW,2013,43.87458038
Arab World,ARB,2013,67.11553192
Caribbean small states,CSS,2013,88.965271
Central Europe and the Baltics,CEB,2013,101.932312
Early-demographic dividend,EAR,2013,69.68440247
East Asia & Pacific,EAS,2013,85.4852829
East Asia & Pacific (excluding high income),EAP,2013,83.69841003
East Asia & Pacific (IDA & IBRD countries),TEA,2013,83.56912994
Euro area,EMU,2013,107.4822235
Europe & Central Asia,ECS,2013,103.0734711
Europe & Central Asia (excluding high income),ECA,2013,95.65231323
Europe & Central Asia (IDA & IBRD countries),TEC,2013,96.33300018
European Union,EUU,2013,109.8384628
Fragile and conflict affected situations,FCS,2013,44.13816833
Heavily indebted poor countries (HIPC),HPC,2013,35.70423889
High income,HIC,2013,104.8829575
IBRD only,IBD,2013,81.92855072
IDA & IBRD total,IBT,2013,70.0591507
IDA blend,IDB,2013,45.83422089
IDA only,IDX,2013,42.24950027
IDA total,IDA,2013,43.46218872
Late-demographic dividend,LTE,2013,91.002388
Latin America & Caribbean,LCN,2013,97.43292999
Latin America & Caribbean (excluding high income),LAC,2013,97.44966125
Latin America & the Caribbean (IDA & IBRD countries),TLA,2013,97.55967712
Least developed countries: UN classification,LDC,2013,40.19781113
Low & middle income,LMY,2013,69.75375366
Low income,LIC,2013,34.18392944
Lower middle income,LMC,2013,64.79924774
Middle East & North Africa,MEA,2013,75.29058075
Middle East & North Africa (excluding high income),MNA,2013,71.88121796
Middle East & North Africa (IDA & IBRD countries),TMN,2013,71.54592133
Middle income,MIC,2013,74.60121155
North America,NAC,2013,97.49476624
Not classified,INX,2013,
OECD members,OED,2013,103.3815384
Other small states,OSS,2013,69.38813019
Pacific island small states,PSS,2013,76.21212769
Post-demographic dividend,PST,2013,104.8175507
Pre-demographic dividend,PRE,2013,37.90605164
Small states,SST,2013,73.32784271
South Asia,SAS,2013,63.47789001
South Asia (IDA & IBRD),TSA,2013,63.47789001
Sub-Saharan Africa,SSF,2013,41.28038025
Sub-Saharan Africa (excluding high income),SSA,2013,41.27743149
Sub-Saharan Africa (IDA & IBRD countries),TSS,2013,41.28038025
Upper middle income,UMC,2013,92.65778351
World,WLD,2013,73.94731903
Afghanistan,AFG,2012,38.10794067
Albania,ALB,2012,91.11264038
Algeria,DZA,2012,
American Samoa,ASM,2012,
Andorra,AND,2012,
Angola,AGO,2012,
Antigua and Barbuda,ATG,2012,117.6207962
Argentina,ARG,2012,107.9771423
Armenia,ARM,2012,
Aruba,ABW,2012,112.145752
Australia,AUS,2012,
Austria,AUT,2012,95.9241333
Azerbaijan,AZE,2012,
"Bahamas, The",BHS,2012,87.98928833
Bahrain,BHR,2012,92.53338623
Bangladesh,BGD,2012,58.82461166
Barbados,BRB,2012,
Belarus,BLR,2012,105.2303314
Belgium,BEL,2012,168.3282166
Belize,BLZ,2012,79.4963913
Benin,BEN,2012,
Bermuda,BMU,2012,82.35294342
Bhutan,BTN,2012,74.24221802
Bolivia,BOL,2012,87.99286652
Bosnia and Herzegovina,BIH,2012,
Botswana,BWA,2012,
Brazil,BRA,2012,97.90802002
British Virgin Islands,VGB,2012,97.31343079
Brunei Darussalam,BRN,2012,107.6274414
Bulgaria,BGR,2012,92.64404297
Burkina Faso,BFA,2012,23.19091034
Burundi,BDI,2012,24.85687065
Cabo Verde,CPV,2012,100.7508392
Cambodia,KHM,2012,
Cameroon,CMR,2012,47.53411102
Canada,CAN,2012,109.8560715
Cayman Islands,CYM,2012,81.66750336
Central African Republic,CAF,2012,11.92323971
Chad,TCD,2012,13.96889973
Channel Islands,CHI,2012,
Chile,CHL,2012,91.0845871
China,CHN,2012,
Colombia,COL,2012,99.60598755
Comoros,COM,2012,
"Congo, Dem. Rep.",COD,2012,32.1181488
"Congo, Rep.",COG,2012,48.81208038
Costa Rica,CRI,2012,109.647049
Cote d'Ivoire,CIV,2012,
Croatia,HRV,2012,100.8055267
Cuba,CUB,2012,90.80918121
Curacao,CUW,2012,
Cyprus,CYP,2012,96.18628693
Czechia,CZE,2012,96.8897171
Denmark,DNK,2012,124.2529373
Djibouti,DJI,2012,41.49924088
Dominica,DMA,2012,
Dominican Republic,DOM,2012,82.45027924
Ecuador,ECU,2012,102.1135712
"Egypt, Arab Rep.",EGY,2012,78.06432343
El Salvador,SLV,2012,72.90997314
Equatorial Guinea,GNQ,2012,
Eritrea,ERI,2012,52.40301895
Estonia,EST,2012,107.1348572
Eswatini,SWZ,2012,67.61157227
Ethiopia,ETH,2012,35.67380142
Faroe Islands,FRO,2012,
Fiji,FJI,2012,94.3445816
Finland,FIN,2012,110.8162994
France,FRA,2012,106.1175308
French Polynesia,PYF,2012,
Gabon,GAB,2012,
"Gambia, The",GMB,2012,
Georgia,GEO,2012,
Germany,DEU,2012,99.33998108
Ghana,GHA,2012,53.44424057
Gibraltar,GIB,2012,
Greece,GRC,2012,102.9694977
Greenland,GRL,2012,
Grenada,GRD,2012,
Guam,GUM,2012,
Guatemala,GTM,2012,51.41453171
Guinea,GIN,2012,29.68165588
Guinea-Bissau,GNB,2012,
Guyana,GUY,2012,99.21019745
Haiti,HTI,2012,
Honduras,HND,2012,70.26397705
"Hong Kong SAR, China",HKG,2012,107.4123077
Hungary,HUN,2012,97.17507935
Iceland,ISL,2012,109.6415634
India,IND,2012,67.63686371
Indonesia,IDN,2012,81.54258728
"Iran, Islamic Rep.",IRN,2012,81.89663696
Iraq,IRQ,2012,
Ireland,IRL,2012,119.3813324
Isle of Man,IMN,2012,
Israel,ISR,2012,103.2837677
Italy,ITA,2012,101.4299927
Jamaica,JAM,2012,
Japan,JPN,2012,
Jordan,JOR,2012,75.21711731
Kazakhstan,KAZ,2012,102.7082596
Kenya,KEN,2012,
Kiribati,KIR,2012,
"Korea, Dem. People's Rep.",PRK,2012,
"Korea, Rep.",KOR,2012,97.47408295
Kosovo,XKX,2012,
Kuwait,KWT,2012,99.29649353
Kyrgyz Republic,KGZ,2012,88.32147217
Lao PDR,LAO,2012,45.33874893
Latvia,LVA,2012,104.8457413
Lebanon,LBN,2012,
Lesotho,LSO,2012,71.95379639
Liberia,LBR,2012,
Libya,LBY,2012,
Liechtenstein,LIE,2012,101.4656906
Lithuania,LTU,2012,104.1540222
Luxembourg,LUX,2012,102.1200333
"Macao SAR, China",MAC,2012,90.86502838
Madagascar,MDG,2012,37.2109108
Malawi,MWI,2012,33.02999878
Malaysia,MYS,2012,83.45069122
Maldives,MDV,2012,
Mali,MLI,2012,
Malta,MLT,2012,95.05767822
Marshall Islands,MHL,2012,
Mauritania,MRT,2012,24.96619987
Mauritius,MUS,2012,95.20462799
Mexico,MEX,2012,93.64716339
"Micronesia, Fed. Sts.",FSM,2012,
Moldova,MDA,2012,
Monaco,MCO,2012,
Mongolia,MNG,2012,
Montenegro,MNE,2012,94.41423798
Morocco,MAR,2012,64.14666748
Mozambique,MOZ,2012,23.85445023
Myanmar,MMR,2012,
Namibia,NAM,2012,
Nauru,NRU,2012,71.42857361
Nepal,NPL,2012,64.53488159
Netherlands,NLD,2012,109.1040115
New Caledonia,NCL,2012,
New Zealand,NZL,2012,120.6522064
Nicaragua,NIC,2012,
Niger,NER,2012,12.2966404
Nigeria,NGA,2012,44.95111084
North Macedonia,MKD,2012,81.56139374
Northern Mariana Islands,MNP,2012,
Norway,NOR,2012,109.7444077
Oman,OMN,2012,99.42301178
Pakistan,PAK,2012,29.42892075
Palau,PLW,2012,
Panama,PAN,2012,
Papua New Guinea,PNG,2012,33.02750015
Paraguay,PRY,2012,78.64399719
Peru,PER,2012,91.92202759
Philippines,PHL,2012,
Poland,POL,2012,95.71790314
Portugal,PRT,2012,108.6520004
Puerto Rico,PRI,2012,87.23403931
Qatar,QAT,2012,
Romania,ROU,2012,97.01351929
Russian Federation,RUS,2012,94.71646881
Rwanda,RWA,2012,39.68381882
Samoa,WSM,2012,93.23188019
San Marino,SMR,2012,
Sao Tome and Principe,STP,2012,61.72716141
Saudi Arabia,SAU,2012,
Senegal,SEN,2012,43.9631691
Serbia,SRB,2012,95.55918884
Seychelles,SYC,2012,81.21749878
Sierra Leone,SLE,2012,40.68077087
Singapore,SGP,2012,
Sint Maarten (Dutch part),SXM,2012,103.6617813
Slovak Republic,SVK,2012,92.86279297
Slovenia,SVN,2012,98.25888824
Solomon Islands,SLB,2012,47.02146912
Somalia,SOM,2012,
South Africa,ZAF,2012,101.6803284
South Sudan,SSD,2012,
Spain,ESP,2012,123.3359909
Sri Lanka,LKA,2012,101.7698593
St. Kitts and Nevis,KNA,2012,88.83055115
St. Lucia,LCA,2012,88.82124329
St. Martin (French part),MAF,2012,
St. Vincent and the Grenadines,VCT,2012,101.9370499
Sudan,SDN,2012,39.31082153
Suriname,SUR,2012,83.38729858
Sweden,SWE,2012,97.47563171
Switzerland,CHE,2012,95.06948853
Syrian Arab Republic,SYR,2012,77.84510803
Tajikistan,TJK,2012,82.35675049
Tanzania,TZA,2012,
Thailand,THA,2012,86.75601196
Timor-Leste,TLS,2012,67.45553589
Togo,TGO,2012,
Tonga,TON,2012,96.06906128
Trinidad and Tobago,TTO,2012,
Tunisia,TUN,2012,
Turkiye,TUR,2012,82.87792206
Turkmenistan,TKM,2012,
Turks and Caicos Islands,TCA,2012,
Tuvalu,TUV,2012,
Uganda,UGA,2012,23.95739746
Ukraine,UKR,2012,95.3786087
United Arab Emirates,ARE,2012,
United Kingdom,GBR,2012,91.5524292
United States,USA,2012,
Uruguay,URY,2012,
Uzbekistan,UZB,2012,91.76400757
Vanuatu,VUT,2012,
"Venezuela, RB",VEN,2012,89.79740906
Vietnam,VNM,2012,
Virgin Islands (U.S.),VIR,2012,
West Bank and Gaza,PSE,2012,87.81649017
"Yemen, Rep.",YEM,2012,36.9317894
Zambia,ZMB,2012,
Zimbabwe,ZWE,2012,50.15433884
Africa Eastern and Southern,AFE,2012,38.16384888
Africa Western and Central,AFW,2012,39.01293182
Arab World,ARB,2012,68.28475952
Caribbean small states,CSS,2012,93.22540283
Central Europe and the Baltics,CEB,2012,96.68726349
Early-demographic dividend,EAR,2012,67.94315338
East Asia & Pacific,EAS,2012,84.83833313
East Asia & Pacific (excluding high income),EAP,2012,83.01454926
East Asia & Pacific (IDA & IBRD countries),TEA,2012,82.8760376
Euro area,EMU,2012,106.702713
Europe & Central Asia,ECS,2012,97.17281342
Europe & Central Asia (excluding high income),ECA,2012,90.63562775
Europe & Central Asia (IDA & IBRD countries),TEC,2012,91.35044861
European Union,EUU,2012,102.8705521
Fragile and conflict affected situations,FCS,2012,42.46467972
Heavily indebted poor countries (HIPC),HPC,2012,34.37245178
High income,HIC,2012,101.4326477
IBRD only,IBD,2012,79.89334106
IDA & IBRD total,IBT,2012,68.31001282
IDA blend,IDB,2012,42.73178101
IDA only,IDX,2012,41.36100006
IDA total,IDA,2012,41.82493973
Late-demographic dividend,LTE,2012,88.82070923
Latin America & Caribbean,LCN,2012,92.73757172
Latin America & Caribbean (excluding high income),LAC,2012,92.93353271
Latin America & the Caribbean (IDA & IBRD countries),TLA,2012,92.78539276
Least developed countries: UN classification,LDC,2012,38.60445023
Low & middle income,LMY,2012,68.07216644
Low income,LIC,2012,34.43280029
Lower middle income,LMC,2012,63.039711
Middle East & North Africa,MEA,2012,76.86759186
Middle East & North Africa (excluding high income),MNA,2012,74.06375122
Middle East & North Africa (IDA & IBRD countries),TMN,2012,73.78633118
Middle income,MIC,2012,72.52117157
North America,NAC,2012,97.44716644
Not classified,INX,2012,
OECD members,OED,2012,99.05065918
Other small states,OSS,2012,68.51629639
Pacific island small states,PSS,2012,76.22746277
Post-demographic dividend,PST,2012,101.671051
Pre-demographic dividend,PRE,2012,35.10990906
Small states,SST,2012,73.46733856
South Asia,SAS,2012,61.67060089
South Asia (IDA & IBRD),TSA,2012,61.67060089
Sub-Saharan Africa,SSF,2012,38.51985168
Sub-Saharan Africa (excluding high income),SSA,2012,38.51665115
Sub-Saharan Africa (IDA & IBRD countries),TSS,2012,38.51985168
Upper middle income,UMC,2012,89.86361694
World,WLD,2012,72.06816101
Afghanistan,AFG,2011,36.63595963
Albania,ALB,2011,89.3991394
Algeria,DZA,2011,101.5445175
American Samoa,ASM,2011,
Andorra,AND,2011,
Angola,AGO,2011,20.72069931
Antigua and Barbuda,ATG,2011,111.6468964
Argentina,ARG,2011,106.6154709
Armenia,ARM,2011,93.29618835
Aruba,ABW,2011,99.73133087
Australia,AUS,2011,
Austria,AUT,2011,96.06343842
Azerbaijan,AZE,2011,
"Bahamas, The",BHS,2011,85.91963959
Bahrain,BHR,2011,94.19786072
Bangladesh,BGD,2011,56.19821167
Barbados,BRB,2011,105.5626678
Belarus,BLR,2011,105.5534515
Belgium,BEL,2011,166.904953
Belize,BLZ,2011,78.38278961
Benin,BEN,2011,37.63613129
Bermuda,BMU,2011,82.89521027
Bhutan,BTN,2011,69.24255371
Bolivia,BOL,2011,86.22297668
Bosnia and Herzegovina,BIH,2011,
Botswana,BWA,2011,
Brazil,BRA,2011,99.85424042
British Virgin Islands,VGB,2011,99.37695313
Brunei Darussalam,BRN,2011,101.5033112
Bulgaria,BGR,2011,91.41719818
Burkina Faso,BFA,2011,20.8483696
Burundi,BDI,2011,22.14746094
Cabo Verde,CPV,2011,96.75016785
Cambodia,KHM,2011,
Cameroon,CMR,2011,44.22703171
Canada,CAN,2011,102.2668762
Cayman Islands,CYM,2011,79.77810669
Central African Republic,CAF,2011,12.63395977
Chad,TCD,2011,14.00749016
Channel Islands,CHI,2011,
Chile,CHL,2011,91.85565948
China,CHN,2011,
Colombia,COL,2011,103.552948
Comoros,COM,2011,
"Congo, Dem. Rep.",COD,2011,32.03720093
"Congo, Rep.",COG,2011,
Costa Rica,CRI,2011,105.9226837
Cote d'Ivoire,CIV,2011,28.13995361
Croatia,HRV,2011,101.1635666
Cuba,CUB,2011,91.58630371
Curacao,CUW,2011,
Cyprus,CYP,2011,93.532547
Czechia,CZE,2011,95.90033722
Denmark,DNK,2011,123.7398376
Djibouti,DJI,2011,39.40647125
Dominica,DMA,2011,92.32714844
Dominican Republic,DOM,2011,82.21820068
Ecuador,ECU,2011,98.75721741
"Egypt, Arab Rep.",EGY,2011,77.15708923
El Salvador,SLV,2011,70.98156738
Equatorial Guinea,GNQ,2011,
Eritrea,ERI,2011,48.95576859
Estonia,EST,2011,106.6381073
Eswatini,SWZ,2011,65.72270966
Ethiopia,ETH,2011,33.74900818
Faroe Islands,FRO,2011,
Fiji,FJI,2011,94.87393951
Finland,FIN,2011,110.5346298
France,FRA,2011,107.0882797
French Polynesia,PYF,2011,
Gabon,GAB,2011,
"Gambia, The",GMB,2011,
Georgia,GEO,2011,
Germany,DEU,2011,100.8767395
Ghana,GHA,2011,52.63623047
Gibraltar,GIB,2011,
Greece,GRC,2011,102.1645279
Greenland,GRL,2011,
Grenada,GRD,2011,
Guam,GUM,2011,
Guatemala,GTM,2011,50.98614883
Guinea,GIN,2011,28.95779037
Guinea-Bissau,GNB,2011,
Guyana,GUY,2011,99.00685883
Haiti,HTI,2011,
Honduras,HND,2011,71.84446716
"Hong Kong SAR, China",HKG,2011,86.76821899
Hungary,HUN,2011,95.89749146
Iceland,ISL,2011,106.989151
India,IND,2011,64.66925049
Indonesia,IDN,2011,79.31282043
"Iran, Islamic Rep.",IRN,2011,80.20758057
Iraq,IRQ,2011,
Ireland,IRL,2011,118.0788879
Isle of Man,IMN,2011,
Israel,ISR,2011,103.9204865
Italy,ITA,2011,102.5904617
Jamaica,JAM,2011,
Japan,JPN,2011,
Jordan,JOR,2011,79.04631805
Kazakhstan,KAZ,2011,100.2562866
Kenya,KEN,2011,
Kiribati,KIR,2011,
"Korea, Dem. People's Rep.",PRK,2011,
"Korea, Rep.",KOR,2011,96.49443054
Kosovo,XKX,2011,
Kuwait,KWT,2011,95.98497772
Kyrgyz Republic,KGZ,2011,87.67681122
Lao PDR,LAO,2011,41.78083801
Latvia,LVA,2011,103.9788666
Lebanon,LBN,2011,
Lesotho,LSO,2011,69.29828644
Liberia,LBR,2011,41.54133987
Libya,LBY,2011,
Liechtenstein,LIE,2011,101.0673828
Lithuania,LTU,2011,104.5554504
Luxembourg,LUX,2011,102.6069412
"Macao SAR, China",MAC,2011,89.49465179
Madagascar,MDG,2011,35.80170059
Malawi,MWI,2011,33.08388138
Malaysia,MYS,2011,80.68393707
Maldives,MDV,2011,
Mali,MLI,2011,33.85042191
Malta,MLT,2011,93.30049896
Marshall Islands,MHL,2011,
Mauritania,MRT,2011,20.96702957
Mauritius,MUS,2011,93.02645874
Mexico,MEX,2011,91.30687714
"Micronesia, Fed. Sts.",FSM,2011,
Moldova,MDA,2011,
Monaco,MCO,2011,
Mongolia,MNG,2011,
Montenegro,MNE,2011,94.31638336
Morocco,MAR,2011,61.52294159
Mozambique,MOZ,2011,23.93757057
Myanmar,MMR,2011,
Namibia,NAM,2011,
Nauru,NRU,2011,
Nepal,NPL,2011,60.12377167
Netherlands,NLD,2011,127.3856735
New Caledonia,NCL,2011,
New Zealand,NZL,2011,121.8514481
Nicaragua,NIC,2011,
Niger,NER,2011,11.06647968
Nigeria,NGA,2011,41.88798904
North Macedonia,MKD,2011,
Northern Mariana Islands,MNP,2011,
Norway,NOR,2011,111.5061722
Oman,OMN,2011,97.54953766
Pakistan,PAK,2011,28.87335014
Palau,PLW,2011,
Panama,PAN,2011,73.46523285
Papua New Guinea,PNG,2011,
Paraguay,PRY,2011,72.01735687
Peru,PER,2011,94.18895721
Philippines,PHL,2011,
Poland,POL,2011,95.58444977
Portugal,PRT,2011,107.5855408
Puerto Rico,PRI,2011,82.81828308
Qatar,QAT,2011,
Romania,ROU,2011,97.61183929
Russian Federation,RUS,2011,91.0532074
Rwanda,RWA,2011,36.27708817
Samoa,WSM,2011,93.51096344
San Marino,SMR,2011,
Sao Tome and Principe,STP,2011,53.91275024
Saudi Arabia,SAU,2011,
Senegal,SEN,2011,39.64133835
Serbia,SRB,2011,94.82212067
Seychelles,SYC,2011,74.32202911
Sierra Leone,SLE,2011,33.8931694
Singapore,SGP,2011,
Sint Maarten (Dutch part),SXM,2011,
Slovak Republic,SVK,2011,92.95864105
Slovenia,SVN,2011,98.42246246
Solomon Islands,SLB,2011,45.5668602
Somalia,SOM,2011,
South Africa,ZAF,2011,98.88162231
South Sudan,SSD,2011,6.542150021
Spain,ESP,2011,121.802269
Sri Lanka,LKA,2011,99.978302
St. Kitts and Nevis,KNA,2011,104.7411728
St. Lucia,LCA,2011,91.51551056
St. Martin (French part),MAF,2011,
St. Vincent and the Grenadines,VCT,2011,101.6767426
Sudan,SDN,2011,35.88174057
Suriname,SUR,2011,81.35475159
Sweden,SWE,2011,96.46965027
Switzerland,CHE,2011,95.15923309
Syrian Arab Republic,SYR,2011,74.43776703
Tajikistan,TJK,2011,80.10127258
Tanzania,TZA,2011,
Thailand,THA,2011,88.11807251
Timor-Leste,TLS,2011,65.96790314
Togo,TGO,2011,
Tonga,TON,2011,104.0440063
Trinidad and Tobago,TTO,2011,
Tunisia,TUN,2011,95.27874756
Turkiye,TUR,2011,84.49658966
Turkmenistan,TKM,2011,
Turks and Caicos Islands,TCA,2011,
Tuvalu,TUV,2011,
Uganda,UGA,2011,23.76660919
Ukraine,UKR,2011,92.08818817
United Arab Emirates,ARE,2011,
United Kingdom,GBR,2011,94.13259888
United States,USA,2011,
Uruguay,URY,2011,
Uzbekistan,UZB,2011,89.88127136
Vanuatu,VUT,2011,
"Venezuela, RB",VEN,2011,87.5756073
Vietnam,VNM,2011,
Virgin Islands (U.S.),VIR,2011,
West Bank and Gaza,PSE,2011,88.42471313
"Yemen, Rep.",YEM,2011,35.63711166
Zambia,ZMB,2011,
Zimbabwe,ZWE,2011,
Africa Eastern and Southern,AFE,2011,37.09098053
Africa Western and Central,AFW,2011,36.72185135
Arab World,ARB,2011,67.3417511
Caribbean small states,CSS,2011,92.69844055
Central Europe and the Baltics,CEB,2011,96.48387146
Early-demographic dividend,EAR,2011,65.90209961
East Asia & Pacific,EAS,2011,84.60295105
East Asia & Pacific (excluding high income),EAP,2011,82.84546661
East Asia & Pacific (IDA & IBRD countries),TEA,2011,82.70567322
Euro area,EMU,2011,108.0696335
Europe & Central Asia,ECS,2011,97.07125854
Europe & Central Asia (excluding high income),ECA,2011,89.32408142
Europe & Central Asia (IDA & IBRD countries),TEC,2011,90.22358704
European Union,EUU,2011,103.9606628
Fragile and conflict affected situations,FCS,2011,40.96437073
Heavily indebted poor countries (HIPC),HPC,2011,33.0558815
High income,HIC,2011,101.3260269
IBRD only,IBD,2011,78.74078369
IDA & IBRD total,IBT,2011,67.24758148
IDA blend,IDB,2011,41.26443863
IDA only,IDX,2011,39.90552902
IDA total,IDA,2011,40.36687851
Late-demographic dividend,LTE,2011,89.03823853
Latin America & Caribbean,LCN,2011,92.8968277
Latin America & Caribbean (excluding high income),LAC,2011,93.2310791
Latin America & the Caribbean (IDA & IBRD countries),TLA,2011,92.96370697
Least developed countries: UN classification,LDC,2011,36.99541092
Low & middle income,LMY,2011,67.00124359
Low income,LIC,2011,33.30707169
Lower middle income,LMC,2011,60.92313004
Middle East & North Africa,MEA,2011,75.85292816
Middle East & North Africa (excluding high income),MNA,2011,73.32243347
Middle East & North Africa (IDA & IBRD countries),TMN,2011,73.02197266
Middle income,MIC,2011,71.33258057
North America,NAC,2011,96.71121216
Not classified,INX,2011,
OECD members,OED,2011,99.28617859
Other small states,OSS,2011,67.17301178
Pacific island small states,PSS,2011,76.84382629
Post-demographic dividend,PST,2011,101.6564331
Pre-demographic dividend,PRE,2011,33.53982162
Small states,SST,2011,72.4718399
South Asia,SAS,2011,59.08639145
South Asia (IDA & IBRD),TSA,2011,59.08639145
Sub-Saharan Africa,SSF,2011,36.93621826
Sub-Saharan Africa (excluding high income),SSA,2011,36.93328094
Sub-Saharan Africa (IDA & IBRD countries),TSS,2011,36.93621826
Upper middle income,UMC,2011,90.07444763
World,WLD,2011,71.13829041
